{"version":null,"displayName":"Harness","type":"harness","logo":"Screen Shot 2021-09-30 at 3.16.30 PM.png","logoSmall":"Screen Shot 2021-09-30 at 3.17.07 PM.png","metadata":[{"name":"Account Id","dependent":false,"dependentMetadata":null,"values":[{"id":"-9UJLLkTQ9ql_jwFnbfvKQ","name":"ConnectAll","attributeName":null,"referenceType":null,"dependents":null,"regex":false}]}],"fields":[{"id":"createdAt","name":"createdAt","datatype":"Datetime","values":null},{"id":"notes","name":"notes","datatype":"String","values":null},{"id":"endedAt","name":"endedAt","datatype":"Datetime","values":null},{"id":"failureDetails","name":"failure details","datatype":"String","values":null},{"id":"name","name":"name","datatype":"String","values":null},{"id":"startedAt","name":"startedAt","datatype":"Datetime","values":null},{"id":"entityId","name":"workflow","datatype":"String","values":null},{"id":"id","name":"id","datatype":"String","values":null},{"id":"applicationId","name":"application","datatype":"String","values":null},{"id":"status","name":"status","datatype":"String","values":null},{"id":"changedate","name":"changedate","datatype":"Datetime","values":null}],"loginOptions":[{"name":"Content-Type","displayName":"Content-Type","passwordField":false,"required":false}],"idFieldName":"id","titleFieldName":"id","projectFieldName":"","artifactFieldName":"","testStepsFieldName":null,"changedDateFieldName":"changedate","dateFormat":"dd-MM-yyyy","dateTimeFormat":"dd-MM-yyyy HH:mm:ss.SSS","queryDateFormat":"","queryDateFormatType":"MILLIS_SINCE_UNIX_EPOCH","iso8601DateFormat":false,"commentFieldName":null,"commentFieldId":null,"attachmentFieldName":null,"attachmentFieldId":null,"apiVersion":null,"callBackUrlConfigured":false,"callBackUrls":null,"apiProvider":"ExternalApplication","applicationType":null,"urlDescription":"","userNameDescription":"","passwordDescription":"","paginationSupported":false,"paginationAttributes":null,"status":"Active","active":true,"syncModel":"ReadWrite"}