[{"schemeId":1,"schemeName":"Default","adapterType":"harness","group":null,"active":true,"adapterMetadataList":[],"requestHeaders":[],"restTemplates":{"CREATE_RECORD":{"templateId":4,"operation":"CREATE_RECORD","httpVerb":"POST","restUrl":"/gateway/api/graphql?accountId=${Account Id}","specifications":{"Request":{"specId":1,"type":"Request","adapterType":null,"specType":"JOLT","status":"Active","specification":"[\n  {\n    \"operation\": \"shift\",\n    \"spec\": {\n      \"fields\": {\n        \"name\": \"variables.startExecution.notes\",\n        \"entityId\": \"variables.startExecution.&\",\n        \"applicationId\": \"variables.startExecution.&\"\n      }\n    }\n  },\n  {\n    \"operation\": \"default\",\n    \"spec\": {\n      \"query\": \"mutation ($startExecution: StartExecutionInput!) {startExecution(input: $startExecution) {clientMutationId execution {notes id application {id}}}}\",\n      \"variables\": {\n        \"startExecution\": {\n          \"executionType\": \"WORKFLOW\",\n          \"serviceInputs\": {\n            \"name\": \"To-Do List K8s\",\n            \"artifactValueInput\": {\n              \"buildNumber\": {\n                \"buildNumber\": \"131\",\n                \"artifactSourceName\": \"harness_todolist\"\n              },\n              \"valueType\": \"BUILD_NUMBER\"\n            }\n          }\n        }\n      }\n    }\n  }\n]\n","samplePayload":"{\"fields\":{\"\":\"\",\"name\":\"Kick off the harness deployment\",\"entityId\":\"7LJ0DnzsRC-sndHe_4323A\",\"applicationId\":\"CF2oxV6CREqzh3ZbglN-Ig\"}}","statusCode":2,"contentAvailable":true},"Response":{"specId":2,"type":"Response","adapterType":null,"specType":"JOLT","status":"Active","specification":"[\n  {\n    \"operation\": \"shift\",\n    \"spec\": {\n      \"data\": {\n        \"startExecution\": {\n             \"execution\":{\n                      \"id\": \"&\",\n                      \"startedAt\":\"fields.changedate\",\n                     \"*\":\"fields.&\"\n              }}\n        }\n      }\n    }\n  \n]","samplePayload":"{\n    \"data\": {\n        \"startExecution\": {\n            \"clientMutationId\": null,\n            \"execution\": {\n                \"notes\": \"Demo\",\n                \"startedAt\":8735893658956,\n                \"id\": \"ybKvHHu5TnOukqBsvTHZhg\",\n                \"application\": {\n                    \"id\": \"CF2oxV6CREqzh3ZbglN-Ig\"\n                }\n            }\n        }\n    }\n}","statusCode":2,"contentAvailable":true}}},"QUERY_MODIFIED_RECORDS":{"templateId":1,"operation":"QUERY_MODIFIED_RECORDS","httpVerb":"POST","restUrl":"/gateway/api/graphql?accountId=${Account Id}","specifications":{"Request":{"specId":3,"type":"Request","adapterType":null,"specType":"Groovy","status":"Active","specification":"def jsonS = new groovy.json.JsonSlurper()\ndef request = jsonS.parseText(payload) as Map\ndef fields='id,startedAt,endedAt'\nfor (int i=0; i<request.queryFields.size(); i++){\n  s = request.queryFields.get(i)\n  if (s != 'name' && s != \"applicationId\" && s != \"entityId\")\n     fields = fields + ',' + s;\n}\ndef result = '{\"query\":\"query{executions(limit:1000) {nodes {'+fields+',application{id,name}}}}\"}'\nresult","samplePayload":"{\"queryFilter\":\"\",\"queryFields\":[\"name\",\"applicationId\",\"entityId\",\"id\",\"failureDetails\",\"status\",\"notes\"],\"fromDate\":\"1634168832000\",\"toDate\":\"1634168832439\",\"metadata\":[{\"Account Id\":{\"id\":\"-9UJLLkTQ9ql_jwFnbfvKQ\",\"name\":\"ConnectAll\"}}],\"pageSize\":0,\"offset\":0}","statusCode":2,"contentAvailable":true},"Response":{"specId":4,"type":"Response","adapterType":null,"specType":"JOLT","status":"Active","specification":"[\n  {\n    \"operation\": \"shift\",\n    \"spec\": {\n      \"data\": {\n        \"executions\": {\n          \"nodes\": {\n            \"*\": {\n              \"application\": {\n                \"id\": \"result.[&2].fields.applicationid\",\n                \"name\": \"result.[&2].fields.application-name\"\n              },\n              \"id\": \"result.[&1].id\",\n              \"endedAt\": \"result.[&1].fields.changedate\",\n              \"*\": \"result.[&1].fields.&\"\n            }\n          }\n        }\n      }\n    }\n    },\n  {\n    \"operation\": \"default\",\n    \"spec\": {\n      \"result\": []\n    }\n  },\n  {\n    \"operation\": \"modify-overwrite-beta\",\n    \"spec\": {\n      \"result\": {\n        \"*\": {\n          \"fields\": {\n            \"name\": \"=concat(@(1,application-name),' deployment ',@(1,status))\"\n          }\n        }\n      }\n    }\n},\n  {\n    \"operation\": \"modify-overwrite-beta\",\n    \"spec\": {\n      \"totalRecords\": \"=size(@(1,result))\"\n    }\n  }\n]\n","samplePayload":"{\n    \"data\": {\n        \"executions\": {\n            \"nodes\": [\n                {\n                    \"id\": \"yl48OYdERmS9xhEebG1aYg\",\n                    \"startedAt\": 1632940389295,\n                    \"endedAt\": 1632940389295,\n                    \"application\": {\n                        \"id\": \"CF2oxV6CREqzh3ZbglN-Ig\",\n                        \"name\": \"Harness Sample App\"\n                    }\n                },\n                {\n                    \"id\": \"lV8VdYD1TTCugphpP7N1_g\",\n                    \"endedAt\": 1632856469216,\n                    \"application\": {\n                        \"id\": \"CF2oxV6CREqzh3ZbglN-Ig\",\n                        \"name\": \"Harness Sample App\"\n                    }\n                }\n            ]\n        }\n    }\n}","statusCode":2,"contentAvailable":true}}},"UPDATE_RECORD":{"templateId":3,"operation":"UPDATE_RECORD","httpVerb":"POST","restUrl":"/gateway/api/graphql?accountId=${Account Id}","specifications":{"Request":{"specId":5,"type":"Request","adapterType":null,"specType":"JOLT","status":"Active","specification":"[\n  {\n    \"operation\": \"shift\",\n    \"spec\": {\n      \"fields\": {\n        \"*\": \"variables.startExecution.&\"\n      }\n    }\n  },\n  {\n    \"operation\": \"default\",\n    \"spec\": {\n      \"query\": \"mutation ($startExecution: StartExecutionInput!) {startExecution(input: $startExecution) {clientMutationId execution {notes id application {id}}}}\",\n      \"variables\": {\n        \"startExecution\": {\n          \"executionType\": \"WORKFLOW\",\n          \"serviceInputs\": {\n            \"name\": \"To-Do List K8s\",\n            \"artifactValueInput\": {\n              \"buildNumber\": {\n                \"buildNumber\": \"131\",\n                \"artifactSourceName\": \"harness_todolist\"\n              },\n              \"valueType\": \"BUILD_NUMBER\"\n            }\n          }\n        }\n      }\n    }\n  }\n]\n","samplePayload":"{\n  \"id\": \"TP-4\",\n  \"fields\": {\n    \"summary\": \"Test for API creation 2\",\n    \"description\": \"Test for API creation 2\",\n    \"assignee\": \"admin\",\n    \"priority\": \"1\",\n    \"reporter\": \"admin\"\n  }\n}","statusCode":2,"contentAvailable":true},"Response":{"specId":6,"type":"Response","adapterType":null,"specType":"JOLT","status":"Active","specification":"[\n  {\n    \"operation\": \"shift\",\n    \"spec\": {\n      \"data\": {\n        \"startExecution\": {\n             \"execution\":{\n                      \"id\": \"&\"\n              }}\n        }\n      }\n    }\n  \n]","samplePayload":"{\n  \"id\": \"TP-4\",\n  \"fields\": {\n    \"summary\": \"Test for API creation 2\",\n    \"description\": \"Test for API creation 2\",\n    \"priority\": \"1\",\n    \"modifiedTime\": \"01-04-2019 11:46:30.124\",\n    \"severity\": \"2\",\n    \"status\": \"Open\"\n  }\n}","statusCode":2,"contentAvailable":true}}},"QUERY_RECORD_BY_ID":{"templateId":2,"operation":"QUERY_RECORD_BY_ID","httpVerb":"POST","restUrl":"/gateway/api/graphql?accountId=${Account Id}","specifications":{"Request":{"specId":7,"type":"Request","adapterType":null,"specType":"Groovy","status":"Active","specification":"def jsonS = new groovy.json.JsonSlurper()\ndef request = jsonS.parseText(payload) as Map\ndef fields='id,startedAt,endedAt'\nfor (int i=0; i<request.fields.size(); i++){\n  s = request.fields.get(i)\n  if (!s.equals('name') && !s.equals('executionId') && !s.equals('entityId') && !s.equals('applicationId'))\n     fields = fields + ',' + s;\n}\ndef result = '{\"query\":\"query{execution(executionId:\\\\\\\"'+request.id+'\\\\\\\") {'+fields+'}}\"}'\nresult","samplePayload":"{\"id\":\"04yKOBeqSwmucU08lW0Mpw\",\"fields\":[\"name\",\"failureDetails\",\"status\",\"applicationId\",\"entityId\"]}","statusCode":2,"contentAvailable":true},"Response":{"specId":8,"type":"Response","adapterType":null,"specType":"JOLT","status":"Active","specification":"[\n  {\n    \"operation\": \"shift\",\n    \"spec\": {\n      \"data\": {\n        \"execution\": {\n            \"id\":\"&\",\n            \"*\": \"fields.&\"\n        }\n      }\n    }\n    }\n]\n","samplePayload":"{\"data\":{\"execution\":{\"id\":\"sCHVopaUQxCUjBWZAEYdSQ\",\"failureDetails\":null,\"status\":\"RUNNING\"}}}","statusCode":2,"contentAvailable":true}}}},"default":true}]